[{"index":1,"address":"TPxosemPUCMZR3FHcPQmqJr4Gw85bQMmuN","name":"CryptoParadiseRewards","balance":11365740},{"index":2,"address":"TCGTP5j9TSB1y6bt9Z3gJKCxwudYY1xCX5","name":"CryptoParadiseRewards","balance":9000000},{"index":3,"address":"TCuFCjHKiUWPv7Nd384QSLu3YNpoCuFfuR","name":"CryptoParadiseRewards","balance":7896080},{"index":4,"address":"TDDmx9v8QnKbNy63KFbHPsAEZamtWdFdVy","name":"CryptoParadiseRewards","balance":7745396},{"index":5,"address":"TTNg53K9cbx7TBu1hH6RfnnUqZRs27gtpw","name":"CryptoParadiseRewards","balance":6670581},{"index":6,"address":"TPEwc2tQdeP7w8QhgL77QQaqzRVjJ4YGVA","name":"CryptoParadiseRewards","balance":6574700},{"index":7,"address":"TGd4XiaZKic1xoKSSoV3GAvKVEgtYsvug7","name":"CryptoParadiseRewards","balance":6080150},{"index":8,"address":"TSMJ6dpTFYDWWAtsVk6MVVAQkXczX4aykP","name":"CryptoParadiseRewards","balance":4575200},{"index":9,"address":"TJwa5LTNHkWY5kWuq815GYjK5me9hryCbL","name":"CryptoParadiseRewards","balance":3851680},{"index":10,"address":"TFRGgGhAvB1L1zZcYzJ23HuqAQvEJU6U7F","name":"CryptoParadiseRewards","balance":3803015},{"index":11,"address":"TE1D734dNXSiQauxZceqdrFL6rJmHUTZKH","name":"CryptoParadiseRewards","balance":2495000},{"index":12,"address":"TZEgfPUSDbYntGLS1Tt2qKdrLjhwMr4SbR","name":"CryptoParadiseRewards","balance":2040580},{"index":13,"address":"TYi71GoGofXtKTCaJX3XF9u3AxjnbUF7sU","name":"CryptoParadiseRewards","balance":1990167},{"index":14,"address":"TR6ysKvngUPr7RdhRwWfKMACaVbRQz8iKw","name":"CryptoParadiseRewards","balance":1783690},{"index":15,"address":"TGFoNjhAgWMUzTiEp8d8S4hBD38Z53bLkG","name":"CryptoParadiseRewards","balance":1540641},{"index":16,"address":"TLkqjFM2FmUpz7jK71fKwysBkpYBykHxJm","name":"CryptoParadiseRewards","balance":1075703},{"index":17,"address":"TTcrLa4vRzJFkH8QxZVzHQ7Kn7j4xfTXSw","name":"CryptoParadiseRewards","balance":1010000},{"index":18,"address":"TNe1USoefn8QgXJi6t43bwtQmdZ1wbbbcC","name":"CryptoParadiseRewards","balance":1000094},{"index":19,"address":"TTg3AAJBYsDNjx5Moc5EPNsgJSa4anJQ3M","name":"CryptoParadiseRewards","balance":917764},{"index":20,"address":"TDeRUwvZbLq7hS2QWXrKu8k3wWiBEa85Ba","name":"CryptoParadiseRewards","balance":800856},{"index":21,"address":"TWmwtwMyXwq22XFXjqywUEoGHxvNXuNWgp","name":"CryptoParadiseRewards","balance":668630},{"index":22,"address":"TWE5wPauVFuSBEzFHXyeRsX7ioThWFaF2D","name":"CryptoParadiseRewards","balance":627210},{"index":23,"address":"TLaePSNhD1g3Zf9w5SMKvFHrLJuDyokeu1","name":"CryptoParadiseRewards","balance":609987},{"index":24,"address":"TP873jbVKtVRbhRFF4HtAJgYEKqJTT2NcP","name":"CryptoParadiseRewards","balance":600662},{"index":25,"address":"TR5UrjxEtyf8mEfMkbgKp1oxFdgeAeCTg5","name":"CryptoParadiseRewards","balance":531360},{"index":26,"address":"TNcTKTvFrhx1v3Tj2DtcmoEu2u5tjpyJcf","name":"CryptoParadiseRewards","balance":530814},{"index":27,"address":"TW832THHiNdXR9JoiUFLJ5PJNsnsM2DtQL","name":"CryptoParadiseRewards","balance":523740},{"index":28,"address":"TX3Q32ST38KysfYT344bnfyQAwvowgFhKS","name":"CryptoParadiseRewards","balance":519910},{"index":29,"address":"TXh1qywpWUz3Qx6dCmDZMZJ4K3UsKmHZZj","name":"CryptoParadiseRewards","balance":515518},{"index":30,"address":"TX5rbPvtG9R8XWK2zjxaWkBngywCdYzWSs","name":"CryptoParadiseRewards","balance":513200},{"index":31,"address":"TKeWWAVk7QAv8WJWKxgNuCmp1pL74BgCP3","name":"CryptoParadiseRewards","balance":504200},{"index":32,"address":"TLxdMfxyBJWzXwNa3Bc8BnrFgdhrQifAGo","name":"CryptoParadiseRewards","balance":423890},{"index":33,"address":"TX8xf7f2VbSrSLq8njm6grA8vSmjnb5sub","name":"CryptoParadiseRewards","balance":410780},{"index":34,"address":"TE6Pz4DNqLX4Gou9uWzvnFy8CVR8D77Y8V","name":"CryptoParadiseRewards","balance":409287},{"index":35,"address":"TDhpYdfdwR39yXfMH5y5SvT4J5TmoDY9Zw","name":"CryptoParadiseRewards","balance":400000},{"index":36,"address":"TVfJJcp4UuoBSivVizyH8kAWixXqtmvxeU","name":"CryptoParadiseRewards","balance":400000},{"index":37,"address":"TGgunbU5QGcDSBLPVjS8SgiD3YxCjL5ct4","name":"CryptoParadiseRewards","balance":383912},{"index":38,"address":"TKMkhkR81g5JE35Bfh7Qk9892u66YuXthq","name":"CryptoParadiseRewards","balance":381780},{"index":39,"address":"TXkbzJXXvhSM5AHrY3PSjxp2sXU8xpXyc1","name":"CryptoParadiseRewards","balance":365842},{"index":40,"address":"TX6HLqnshF4rWgaCQBbFbAzBzWXrX4gRsw","name":"CryptoParadiseRewards","balance":355968},{"index":41,"address":"TS5KNa1FERLvrkwdTayqPspjHj2J73fafh","name":"CryptoParadiseRewards","balance":325730},{"index":42,"address":"TNpBfj2CCh33S69hfpETWthubL7f9Env5Z","name":"CryptoParadiseRewards","balance":305170},{"index":43,"address":"TWBHV2tYxhyadMKuTvopVSg9Gae53KoF7Q","name":"CryptoParadiseRewards","balance":300290},{"index":44,"address":"TQRqNokG5FYzTQNtMmAvJTT7kBHfZUCcyY","name":"CryptoParadiseRewards","balance":274915},{"index":45,"address":"TPaQexk8mCUijWHXqWqBxAUh6LwoSTmdbQ","name":"CryptoParadiseRewards","balance":239899},{"index":46,"address":"TQDAro1GgNHw1WfcaH5Gdd3n4kWfi9wiK9","name":"CryptoParadiseRewards","balance":239270},{"index":47,"address":"TYgPAgX1JimXrGo4Qs1BMsBpF8VnHxYmVm","name":"CryptoParadiseRewards","balance":233660},{"index":48,"address":"TLCVBUnqpXDSCPVBNhgGwriYD3fhkPZCW7","name":"CryptoParadiseRewards","balance":230180},{"index":49,"address":"TK8WMvCTyKH792iqCg4oWEhPiASsVZqNUa","name":"CryptoParadiseRewards","balance":230000},{"index":50,"address":"TRTKZ2mBpd763aEc8jbitPCfUgja9yhkFD","name":"CryptoParadiseRewards","balance":222220},{"index":51,"address":"TLwYpayJEwEdsJKZfEE3WuJtX1yEjCK9Mr","name":"CryptoParadiseRewards","balance":212660},{"index":52,"address":"TKTx6wP7ojbyAyUQBeKzjPpxDhzhMshdVt","name":"CryptoParadiseRewards","balance":210050},{"index":53,"address":"TBewJzt7bmkSNBBG6LnCJp5AwpijBqgnd8","name":"CryptoParadiseRewards","balance":204020},{"index":54,"address":"TW8G6jSAAi7mCoaypqvABMoYE2BLL7jht8","name":"CryptoParadiseRewards","balance":202000},{"index":55,"address":"TRCdu2rsinpHXBD5mo2eUQXRVjKMq5weBF","name":"CryptoParadiseRewards","balance":157120},{"index":56,"address":"TXetJRNQCazozb5WUyey2qxufHSgXrwJ2w","name":"CryptoParadiseRewards","balance":153412},{"index":57,"address":"TXm1enMYm3xaEcqvG2SovkqykHBWRPUxVU","name":"CryptoParadiseRewards","balance":153010},{"index":58,"address":"TTfX6tai3hxF3CEPhAkK4jQBLfWZ8jbCNo","name":"CryptoParadiseRewards","balance":148256},{"index":59,"address":"TXwZZDvpiGbAYvCcs7G2Y6XcHZsAWLbq1X","name":"CryptoParadiseRewards","balance":148150},{"index":60,"address":"TS5pGxfVK9UVMkRkH8B7rvWyLQBQkgGCVE","name":"CryptoParadiseRewards","balance":139030},{"index":61,"address":"TTpBxZV4pDjmGTJtcSvY4U41zxKvDspiEF","name":"CryptoParadiseRewards","balance":122410},{"index":62,"address":"TA1MFaGG5GzdusGY9eBed63VuZ5vLRPvnm","name":"CryptoParadiseRewards","balance":122410},{"index":63,"address":"TH4yzaVsoTSZwHsi9JacjGafeycCvZrXsh","name":"CryptoParadiseRewards","balance":121210},{"index":64,"address":"TVnk6HPy2iqtzwrbJH2LCxHjt3gqfUTKZW","name":"CryptoParadiseRewards","balance":110090},{"index":65,"address":"TVtYhxuqMn3zNMjjCW5AoyNoMRuDnUimJZ","name":"CryptoParadiseRewards","balance":108830},{"index":66,"address":"TDXjbWw4xsv9ghnFmTRS7iWaNK472KumiV","name":"CryptoParadiseRewards","balance":107214},{"index":67,"address":"TPTyyv9wK8onwZZ3R4LS7vVhwpzDtZ1zD2","name":"CryptoParadiseRewards","balance":106900},{"index":68,"address":"TXUK978qZgJAWuNcnXQb2Ei6JRK8YU7SPG","name":"CryptoParadiseRewards","balance":106010},{"index":69,"address":"TJ7fg4YiVtucw4KBERLPEa12tTHiDxgghn","name":"CryptoParadiseRewards","balance":105960},{"index":70,"address":"TVytzmJ4NG8jgxAqcacNiGvRRuS3c1ovxM","name":"CryptoParadiseRewards","balance":104880},{"index":71,"address":"THJstg6nQ5EAX4zB2bhSKCHdTHoM5Rmp3F","name":"CryptoParadiseRewards","balance":104080},{"index":72,"address":"TRuJqsv6o3nNMNM51t5LiTALd3ERG4asa1","name":"CryptoParadiseRewards","balance":104060},{"index":73,"address":"TLTggc5KsrYdnTJ8CgQbFb2jvraCNQLZpP","name":"CryptoParadiseRewards","balance":102010},{"index":74,"address":"TYKVFMKNQwfHK5cZeyDxxPpXBiHKsnZt5p","name":"CryptoParadiseRewards","balance":102010},{"index":75,"address":"TRwuC6d7nYSvMPuuWV8RsoLodH36HpLsfv","name":"CryptoParadiseRewards","balance":101160},{"index":76,"address":"TRj19SmZrNC2Mh8vukDs4fh52vzgZBYNG9","name":"CryptoParadiseRewards","balance":83964},{"index":77,"address":"TUkdVZBc8oRLguZ8VNVgDMtXJKMdvCm7qX","name":"CryptoParadiseRewards","balance":80000},{"index":78,"address":"TQYSUmi1czxjekvb8xMyxNQkghe4RZXtLP","name":"CryptoParadiseRewards","balance":71850},{"index":79,"address":"TY3AM3LqzqRo6fxDJ4TmW5KVLrzSSEuMaK","name":"CryptoParadiseRewards","balance":63874},{"index":80,"address":"TEQXDB55MhaJJLQvcTP7xRVgHo2skmTQA4","name":"CryptoParadiseRewards","balance":60000},{"index":81,"address":"TLWEciM1CjP5fJqM2r9wymAidkkYtTU5k3","name":"CryptoParadiseRewards","balance":55020},{"index":82,"address":"TCMySSJiib1yApYXd2ZGWV62rTR2YTfhTo","name":"CryptoParadiseRewards","balance":50560},{"index":83,"address":"TWeauUmHyppCi69seSG3yBqB3gp3exZcka","name":"CryptoParadiseRewards","balance":50265},{"index":84,"address":"TLx2fNVUtZapytWVqP1iwTyyfcQp2yWqwk","name":"CryptoParadiseRewards","balance":50130},{"index":85,"address":"TJdXrCWzD5EWgQiFjANU7ZmdRHD63w8srD","name":"CryptoParadiseRewards","balance":50040},{"index":86,"address":"TP3T2NpQzVzpCENS6wXLRauYKUmdsLKr8k","name":"CryptoParadiseRewards","balance":50020},{"index":87,"address":"TNmYzn7eQtNZBr1bgJ93oKbeBGBDSzKLsq","name":"CryptoParadiseRewards","balance":50000},{"index":88,"address":"TAkyQCnJ8CviTg36ZBYadUEnhHonB9eJXG","name":"CryptoParadiseRewards","balance":50000},{"index":89,"address":"TQxD7rCnxiC2uLotMRMN7W7CrRXJaAaCb9","name":"CryptoParadiseRewards","balance":50000},{"index":90,"address":"TMJYozvvnGgQcUJHdMouKx4cMNtn7zNtfS","name":"CryptoParadiseRewards","balance":49990},{"index":91,"address":"TFCPJxjBixWZgx7EtiqWCbGwD63HvRj7hK","name":"CryptoParadiseRewards","balance":49965},{"index":92,"address":"TBZsXUAT6aVDd7wz4Ao9GPwoy7T2Ka3fyE","name":"CryptoParadiseRewards","balance":46151},{"index":93,"address":"TH5GHPpigMwCZLLDfbHuKiJfMca47spEL5","name":"CryptoParadiseRewards","balance":42600},{"index":94,"address":"TGgP311MSwPCfMiYUSSKfwWcPV8cAgLb7u","name":"CryptoParadiseRewards","balance":42000},{"index":95,"address":"TXs17NDPEunFAzCKpjPYmjqnvRemejdaxR","name":"CryptoParadiseRewards","balance":40000},{"index":96,"address":"TLj5FEvGdLpjR5UqQt5FnG7nNJgQsHNd65","name":"CryptoParadiseRewards","balance":36850},{"index":97,"address":"TCBVRnwYUnoNdybGrKZVEYXkgWnkSCAoGA","name":"CryptoParadiseRewards","balance":35000},{"index":98,"address":"TU6EgvZuGX5ePiRnjbZHUJkgAb5uUu9inc","name":"CryptoParadiseRewards","balance":34940},{"index":99,"address":"TVB3rsQP1s4C86bArmrrb1knAAeFHt7ZFz","name":"CryptoParadiseRewards","balance":34640},{"index":100,"address":"TG6iGFFNP6UarrnPnpUa1cD1AUxGnYsJZb","name":"CryptoParadiseRewards","balance":33464},{"index":101,"address":"TLCsR48KyA3rUwtdoHoLZGEdHQxRsKgw33","name":"CryptoParadiseRewards","balance":31393},{"index":102,"address":"TFXva9EFMsyvCagLCw1mksP1eiUWePJ7td","name":"CryptoParadiseRewards","balance":31010},{"index":103,"address":"TRRpax1AyaQauSRgcQe6yK6TjqgRY6YMog","name":"CryptoParadiseRewards","balance":30000},{"index":104,"address":"TDkV2yu5nkBLEWUrLNt5ySqNNXMHVd8HnX","name":"CryptoParadiseRewards","balance":22480},{"index":105,"address":"TREwRdQNM1y6DoVnPiATf7ugtSpapgKxnq","name":"CryptoParadiseRewards","balance":21490},{"index":106,"address":"TRyj5RCGfA52BYkBFwTYnqutzqt6LU9JzN","name":"CryptoParadiseRewards","balance":20060},{"index":107,"address":"THAuKRkijVUo8eKYRyuNYZBqVyGXkyDpnY","name":"CryptoParadiseRewards","balance":20009},{"index":108,"address":"TTyzqjQHPwdHzCQ2FDyF1LgiF9bm3U8Lw6","name":"CryptoParadiseRewards","balance":20000},{"index":109,"address":"TYWm6N8PrjK4R1mnpJSoBGFnDgnzoYk4x2","name":"CryptoParadiseRewards","balance":20000},{"index":110,"address":"TRahSbWiqn3NLddvXZkG6rk837xiyHSvmA","name":"CryptoParadiseRewards","balance":20000},{"index":111,"address":"TSMocssbZzPUMndspVJpxiaU2RYwkcvBuE","name":"CryptoParadiseRewards","balance":20000},{"index":112,"address":"TMQoULgoEAKDGTGWtBNCX1wtrdxHHV7DJw","name":"CryptoParadiseRewards","balance":18520},{"index":113,"address":"TLzJb2YTVEBz4Xnq5gsY1DnnHiri1deMcN","name":"CryptoParadiseRewards","balance":15350},{"index":114,"address":"TE7vbFCxkjxjmsF3oHaKHdYhQ9ZrsM6Rgi","name":"CryptoParadiseRewards","balance":15350},{"index":115,"address":"TFjpu7wDpRig2fFWPwwMUQUKY8HEQ7A7X8","name":"CryptoParadiseRewards","balance":13000},{"index":116,"address":"TXHAs8kRNgbv3TpvHC51KVYdnJG7HboAjR","name":"CryptoParadiseRewards","balance":12523},{"index":117,"address":"TPFCUFm6UbmbGXWwsPKhrRkvFxByAwkyju","name":"CryptoParadiseRewards","balance":12500},{"index":118,"address":"TJFaEfJxhVSzhCYZec7nQ1bezJykgNouGo","name":"CryptoParadiseRewards","balance":12400},{"index":119,"address":"TU6MKp4SGKhPYjYfxNC2yWqWcXKE6GFT8L","name":"CryptoParadiseRewards","balance":12300},{"index":120,"address":"TEYjEQW9xfRZh578S37szkjGnDAb2tcRh7","name":"CryptoParadiseRewards","balance":12280},{"index":121,"address":"TYRCaNwy3YQuSaYZPC8Pv1hKEaNswGg6xr","name":"CryptoParadiseRewards","balance":12280},{"index":122,"address":"TSwhbnvAXN9AvSpTwZZUEWtfud1vZFbJnh","name":"CryptoParadiseRewards","balance":12060},{"index":123,"address":"TQAaVYoAt1LXtivvAafTtQveZT9y49KD3E","name":"CryptoParadiseRewards","balance":11300},{"index":124,"address":"TUr3TDmLY7JR6WLhBA8CVNkPC38p1svahA","name":"CryptoParadiseRewards","balance":10557},{"index":125,"address":"TWTgytLi8QSiaNc7m3QCMEr6mzvg1wex6d","name":"CryptoParadiseRewards","balance":10260},{"index":126,"address":"TTMVtbUo5NAcGgZtEtMTmGEkBajmVaBmeY","name":"CryptoParadiseRewards","balance":10010},{"index":127,"address":"TPYYPkQuqStavYYJUiyNFnQfk99FezgMeo","name":"CryptoParadiseRewards","balance":10000},{"index":128,"address":"TQRerYwbCxSvLbv2bLDLArv7WcWRQJFUWY","name":"CryptoParadiseRewards","balance":10000},{"index":129,"address":"TE6R9YzKfyo9UsoZfgoS7cbp7nwHEvj4ga","name":"CryptoParadiseRewards","balance":10000},{"index":130,"address":"TJLYxTBhkd8FdkJ25tncXi1j1SGvwWztZh","name":"CryptoParadiseRewards","balance":10000},{"index":131,"address":"TVZX9bZNcLoDiqw7SCWujHBqFTvCWcJpeW","name":"CryptoParadiseRewards","balance":10000},{"index":132,"address":"TDzL5YpHPhv7M5tQLu5K4ypua1gPQQQsEU","name":"CryptoParadiseRewards","balance":10000},{"index":133,"address":"TPLeVPMqQ8fRFu4BhsBpsUBKC7hsRKjpyg","name":"CryptoParadiseRewards","balance":10000},{"index":134,"address":"TLV6QqSfbY6Arwa8X2YbbBojSTmpfaZ7sX","name":"CryptoParadiseRewards","balance":8846},{"index":135,"address":"TVnQuBbAdWa5Kbg7Wr9hDXzSuATbzNbjwu","name":"CryptoParadiseRewards","balance":8500},{"index":136,"address":"TKDBwygjKtJtcyhhd6j2iDfd9pCAEZxQoB","name":"CryptoParadiseRewards","balance":6010},{"index":137,"address":"TK4hwJtY45XcThkbbpFLorfkEigDPFUi1T","name":"CryptoParadiseRewards","balance":6000},{"index":138,"address":"TNLE5BYDDAaMZybf1mZj3mNwaZ4oZLzAuK","name":"CryptoParadiseRewards","balance":6000},{"index":139,"address":"TF23X8gZCDjBWxpdkvECWxXFEyJLxvy4YE","name":"CryptoParadiseRewards","balance":5900},{"index":140,"address":"TT9r6gQgztA5UKk3SCtpt5xwE4ReTWgkHi","name":"CryptoParadiseRewards","balance":5550},{"index":141,"address":"TRzkmkHQ46HLcyAWX92jfKaYUwmZFhxNvD","name":"CryptoParadiseRewards","balance":5280},{"index":142,"address":"TGPSWw2YPr9KCqefza945gJWroZewtZKV8","name":"CryptoParadiseRewards","balance":5010},{"index":143,"address":"TUUj9ajxCcHuznNVBbAoKpY6UsG6Kbg7xv","name":"CryptoParadiseRewards","balance":5000},{"index":144,"address":"TJeWUhB8zbpyN66v5YPC8wFtFWJAnz6Bwb","name":"CryptoParadiseRewards","balance":5000},{"index":145,"address":"TJVJNxorDa3KC9txwYmfGGjn9nC2ZVuP2t","name":"CryptoParadiseRewards","balance":5000},{"index":146,"address":"TTik4Ef8wsFwoAUDne8ea5RaKDvv8hWamt","name":"CryptoParadiseRewards","balance":5000},{"index":147,"address":"TLDnNTJhoVqxAjWxvhC9bJdtWXNL5PUkAS","name":"CryptoParadiseRewards","balance":5000},{"index":148,"address":"TXWSfP9mgBWJ3prkhsuenA8CovqJRPqayT","name":"CryptoParadiseRewards","balance":5000},{"index":149,"address":"TKC6kb5dnwJ39cQnznvVMEz2YRzfuEqtP2","name":"CryptoParadiseRewards","balance":5000},{"index":150,"address":"TAZzycSosKKpoauLjJoQoQZ6kfZRdBEWuU","name":"CryptoParadiseRewards","balance":4990},{"index":151,"address":"TF4NZQ2AjKRyAjtRhUQBiZEbHGS7AiCfRT","name":"CryptoParadiseRewards","balance":4920},{"index":152,"address":"TMCWmZAJgssWTiKjf9niFC1Z6VnRPjZXSc","name":"CryptoParadiseRewards","balance":4920},{"index":153,"address":"TAsN7WNFd1wb3Jz6v4NdprhrusaV2hPi23","name":"CryptoParadiseRewards","balance":4920},{"index":154,"address":"TNBRmHoMnJvhg4zoqg93FsA8928Kg7Th8N","name":"CryptoParadiseRewards","balance":4920},{"index":155,"address":"TARSTsiAi5qbbjN5oKZ4MSS8ee1cgaEkTs","name":"CryptoParadiseRewards","balance":4920},{"index":156,"address":"TT8RdmKmLxddXGu6vNbeRiSw1uVMMf6Vo6","name":"CryptoParadiseRewards","balance":4920},{"index":157,"address":"TLQkYv8KbsfoqmKej1Xe73pTfrekF7pgAm","name":"CryptoParadiseRewards","balance":4920},{"index":158,"address":"TMp85zZnS2sqrcju9NsPFNDuvU88qYp8gN","name":"CryptoParadiseRewards","balance":4920},{"index":159,"address":"THfV5iEXZkWqUZZwDcRhSEQgw4n3XEgkjw","name":"CryptoParadiseRewards","balance":4700},{"index":160,"address":"TVcq9Y6tiB5raHPs5JdSSgA7VwNsFPdg2m","name":"CryptoParadiseRewards","balance":4600},{"index":161,"address":"TCxd82wTXV9McykvT3JAYwBpjrAr11Wkh5","name":"CryptoParadiseRewards","balance":4500},{"index":162,"address":"TQ6UqCS29xN7ejweG596V1hzTMvC9d3B9Y","name":"CryptoParadiseRewards","balance":4420},{"index":163,"address":"TR7bXwWkK65Rjbb5kiPRye1vTuRQFtC8DH","name":"CryptoParadiseRewards","balance":4050},{"index":164,"address":"TNz5nAroUsnW2pj6k15i2RSiugwcLVCYsv","name":"CryptoParadiseRewards","balance":3690},{"index":165,"address":"TFKUvJQ1JbPWndNq32dpxeyeTMNuhzZN6B","name":"CryptoParadiseRewards","balance":3690},{"index":166,"address":"TPhVQn79vDz9Pt69zdqWmr942roYqQvtUi","name":"CryptoParadiseRewards","balance":3690},{"index":167,"address":"TNLtrjSU6Q9sV8zFT2oepMKfJ9L8QLmeh1","name":"CryptoParadiseRewards","balance":3690},{"index":168,"address":"TLCm9rXzix413P3quY1a6RPTgBbRxpHq5d","name":"CryptoParadiseRewards","balance":3690},{"index":169,"address":"TKzfJ9qXZh3tySCSpsi6mNw2RjeckiLAMW","name":"CryptoParadiseRewards","balance":3690},{"index":170,"address":"TNd2wHRuoEjHDNAcEfxjSHteWxzHbx9qsD","name":"CryptoParadiseRewards","balance":3690},{"index":171,"address":"TBkJQ8NjhbYNvPdoZALih1ontMBwccCAXC","name":"CryptoParadiseRewards","balance":3690},{"index":172,"address":"TU8Fq1spyrrLyNz7N1znmWX4tAe65LyK3Q","name":"CryptoParadiseRewards","balance":3690},{"index":173,"address":"TXy6XYpppXjRQH2ygU89GfvffZ7fNUS1Qk","name":"CryptoParadiseRewards","balance":3690},{"index":174,"address":"TCsQx9gy55N7ED1pobhqDpTpXYNgLZ8W7N","name":"CryptoParadiseRewards","balance":3100},{"index":175,"address":"TF2gApN8KscFpTGu6SRifh6eJaiqRHwNG2","name":"CryptoParadiseRewards","balance":3030},{"index":176,"address":"TNrSoELNbHrAvEcfqvMmMXHPy1knSZbCvo","name":"CryptoParadiseRewards","balance":3010},{"index":177,"address":"TQVMpEk3qs9YYS6qkBUP5Lf7zBnqGiHyqJ","name":"CryptoParadiseRewards","balance":3000},{"index":178,"address":"TKB7E8h7xuDFroTt7n7HMcv9GioE4AJ27i","name":"CryptoParadiseRewards","balance":2917},{"index":179,"address":"TVhyACeKyoQWMA9vyjnTcqkPnht1TnvqbE","name":"CryptoParadiseRewards","balance":2600},{"index":180,"address":"TTRnU3p1LqpDSAgvz8E6GmhvQE8DD7iSE7","name":"CryptoParadiseRewards","balance":2550},{"index":181,"address":"TMSZ8FGadcsF2ZkKxtCPih5D6DgJQ9DhLi","name":"CryptoParadiseRewards","balance":2550},{"index":182,"address":"TCSzuaL4t5kqix29gFo4h7cpW9WvgKANTA","name":"CryptoParadiseRewards","balance":2500},{"index":183,"address":"TQ1AxFrV7wPiRCPCneSsH4Q5KBxTQyD7jS","name":"CryptoParadiseRewards","balance":2498},{"index":184,"address":"TAw8wRhofu878RffeMLbuBaD7HRCtL5XSV","name":"CryptoParadiseRewards","balance":2460},{"index":185,"address":"TQxBRKjgFj8r5NWCuHuMEpQTd4ij2nt6UW","name":"CryptoParadiseRewards","balance":2460},{"index":186,"address":"THRZTSbbBhho6DLcW8mtALz68WkRuvxDni","name":"CryptoParadiseRewards","balance":2460},{"index":187,"address":"TRQtEHHXUoJV9ffW3RHByTLT4k9tkYyyxp","name":"CryptoParadiseRewards","balance":2460},{"index":188,"address":"TLidTew7xjxouJsPpQEs14kBweYu7BCYRz","name":"CryptoParadiseRewards","balance":2460},{"index":189,"address":"TDYRn9tCHGQ35QsBRpieoajhGpKFQwTE85","name":"CryptoParadiseRewards","balance":2460},{"index":190,"address":"TCJgqCSiZk3RoUm8Hr2eBE27WCUK1rp4tZ","name":"CryptoParadiseRewards","balance":2460},{"index":191,"address":"TPggnExBXSmFnhX7zQwE1siCzo7AuGtt4j","name":"CryptoParadiseRewards","balance":2264},{"index":192,"address":"TTnuC4yk9VSnFMQUvwsu6Z2Hz8ZzgFyntu","name":"CryptoParadiseRewards","balance":2060},{"index":193,"address":"TFCYcjWkgUXk6xe2DeteMPSZD6WP44mnCr","name":"CryptoParadiseRewards","balance":2050},{"index":194,"address":"TYoKVNH5ARt5eZS9pJxAmnhRoniS3cjJdZ","name":"CryptoParadiseRewards","balance":2050},{"index":195,"address":"TL8YUVCCgJHMe9vxwD962vHS3uxHJWS6k5","name":"CryptoParadiseRewards","balance":2050},{"index":196,"address":"TGRMgJRnmz57VfFHtqUkTkdDJAdbVAoGVy","name":"CryptoParadiseRewards","balance":2050},{"index":197,"address":"TCsLRdjjcFNA7ypKkmrhwbfnrbkZQgfcYU","name":"CryptoParadiseRewards","balance":2040},{"index":198,"address":"TCtyQrLXRe9MUqCyEVPXGVAsSUQbWhQV1H","name":"CryptoParadiseRewards","balance":2030},{"index":199,"address":"TE93bnNLioVDKqR8oZUo1VRZNZsJA8hUuY","name":"CryptoParadiseRewards","balance":2020},{"index":200,"address":"TUQx5VipFfU6Wdr5Kh5vU2fL19f1UadbPV","name":"CryptoParadiseRewards","balance":2000},{"index":201,"address":"TXKDCzGgJcLkwA844BD7cXRyQhknNKk33C","name":"CryptoParadiseRewards","balance":2000},{"index":202,"address":"TUWLP5FTv2G4WCukJavXvWtRZif2ci5meJ","name":"CryptoParadiseRewards","balance":2000},{"index":203,"address":"TDjcrVHSYT8ubxNjqWbJR1mvoDyb7NPcWe","name":"CryptoParadiseRewards","balance":2000},{"index":204,"address":"TSiqo8SeywhtkJ4ZuvTzL2e6DqSK6TCyrh","name":"CryptoParadiseRewards","balance":2000},{"index":205,"address":"TDc2EDFAwox2h5yZpizjdzTt6jvT29foZR","name":"CryptoParadiseRewards","balance":1840},{"index":206,"address":"TSqwe9VjpXpoqS1tnwdydhjGHat978QphQ","name":"CryptoParadiseRewards","balance":1670},{"index":207,"address":"TGfG4awe83kHbBjk3DLZuPDZ1icbnbEr8s","name":"CryptoParadiseRewards","balance":1620},{"index":208,"address":"TTxUzczMhQsthfq8kJ5tU72cM9ABWfCMgL","name":"CryptoParadiseRewards","balance":1500},{"index":209,"address":"TApwbG6JUvhSxa6heVCzaeGZ1sx9z5XfmT","name":"CryptoParadiseRewards","balance":1500},{"index":210,"address":"TRPAxYsQxRsTQBQdbP711QoztKKpZGmZjt","name":"CryptoParadiseRewards","balance":1500},{"index":211,"address":"TGKpKKVWQ3QaGKKdFn1qmT59L8UCDnmg15","name":"CryptoParadiseRewards","balance":1240},{"index":212,"address":"TH36g1ZCkvxksP9hzTsLYdZBbf3Q78P3Qq","name":"CryptoParadiseRewards","balance":1230},{"index":213,"address":"TJC93fPbPhEtCjpXnZMtkJUYXDkSGxy6Ru","name":"CryptoParadiseRewards","balance":1230},{"index":214,"address":"TY9LSdszsBAAVy6UXHo2KcUHSQhZe9KRnH","name":"CryptoParadiseRewards","balance":1230},{"index":215,"address":"TUkM38xLSZLATuczktxzpNV16VLUqKMTDE","name":"CryptoParadiseRewards","balance":1230},{"index":216,"address":"TU3UFsjbL1VJ88Wvy1EDL7NtzyoGgvHShj","name":"CryptoParadiseRewards","balance":1230},{"index":217,"address":"TV9anJ9qGVey1XQoxmrYVue6bZm94GhsDo","name":"CryptoParadiseRewards","balance":1230},{"index":218,"address":"TEXfJ3req92MRXA2xr5k2Bj6hCvWTGwYP7","name":"CryptoParadiseRewards","balance":1160},{"index":219,"address":"TK4ZDx3wC8usXTDMhBzxzHy1nwz9FHo8ie","name":"CryptoParadiseRewards","balance":1150},{"index":220,"address":"TKcYscddXVkXtVHS8D1je8E9pS6BXG3xHC","name":"CryptoParadiseRewards","balance":1120},{"index":221,"address":"TXVZSC8C64vc3GYTkJ1uNeD9fKoCXawnGQ","name":"CryptoParadiseRewards","balance":1090},{"index":222,"address":"TZ6A4MCMewZbGbshvq2gDJ4JVDQVC58oZq","name":"CryptoParadiseRewards","balance":1030},{"index":223,"address":"TTnqhkxo4aZFW7oMdmqaQDJBrex2xoNyKZ","name":"CryptoParadiseRewards","balance":1030},{"index":224,"address":"THWPuF8jSnsxVJzzix2TcRq9oDS4cuN595","name":"CryptoParadiseRewards","balance":1020},{"index":225,"address":"TUAqhdFNXyA5NSZ7jGxH5QYhJw94A8BVRg","name":"CryptoParadiseRewards","balance":1010},{"index":226,"address":"TM8nv6RFyDaPUPagts4TTLTKPJbUShRY9V","name":"CryptoParadiseRewards","balance":1010},{"index":227,"address":"TH6frH51msVcacwN6q4t3mu59w6zXj9h22","name":"CryptoParadiseRewards","balance":1000},{"index":228,"address":"TBziFm5QwMUB67SFQRhP7Scjmpj86SKjDC","name":"CryptoParadiseRewards","balance":1000},{"index":229,"address":"TSorUYKkLA2o2Zx85eeFtpLJ9jyi1kqqCs","name":"CryptoParadiseRewards","balance":1000},{"index":230,"address":"TBbRyCLQM25ujw38hBt5K9ugvd8JHHE4f1","name":"CryptoParadiseRewards","balance":1000},{"index":231,"address":"TTyCumtFwB27nBC8QDAwtzv84q7PwpHL7H","name":"CryptoParadiseRewards","balance":1000},{"index":232,"address":"TM6ff6g2ZENjN7aRzC9KgJJ8j3q9LirRow","name":"CryptoParadiseRewards","balance":1000},{"index":233,"address":"TKRoNU44MeTAiXQdPSeBBftgr1a94TyjM4","name":"CryptoParadiseRewards","balance":1000},{"index":234,"address":"TEGY2wmuApknDp2HETZFXXTe5CymptnoEz","name":"CryptoParadiseRewards","balance":1000},{"index":235,"address":"TPNb1jUWvYVzUipRPvRSunhQFwF6nPE7TE","name":"CryptoParadiseRewards","balance":1000},{"index":236,"address":"TMJ7qj9dfXh89cSE5vVmLjUxHxRwEX79Xd","name":"CryptoParadiseRewards","balance":1000},{"index":237,"address":"TYrgk4Mt3MgeqNH3KWU1ozndFmjaMagqwe","name":"CryptoParadiseRewards","balance":1000},{"index":238,"address":"TGuKaUXwKh3BxX2UhUuYK93MN4hWJ1KgEj","name":"CryptoParadiseRewards","balance":1000},{"index":239,"address":"TRYJn8ZvHGJu4nfQzTsEX5FVXHd1TbdDWz","name":"CryptoParadiseRewards","balance":1000},{"index":240,"address":"TKKrmoyadPQHFdJ8982f9MyAbNQV1F9MXP","name":"CryptoParadiseRewards","balance":1000},{"index":241,"address":"TVfuoeUZ3oe6bVdTxPRKpMSvgsVCW1FXxS","name":"CryptoParadiseRewards","balance":999},{"index":242,"address":"TMhVAMHSFFM8caPZGvDgnVBtwRj6w8tjyw","name":"CryptoParadiseRewards","balance":920},{"index":243,"address":"TXnLc9NLVSkmyKpkU5W54VhxcXvdhrYh8T","name":"CryptoParadiseRewards","balance":920},{"index":244,"address":"TCMFfiZbHn2ZFPQTbQywZTRcvUQGBxCvxR","name":"CryptoParadiseRewards","balance":690},{"index":245,"address":"TTcgipBDeEEJHmMBCKBcqLwdGAKGGir21N","name":"CryptoParadiseRewards","balance":670},{"index":246,"address":"TXZJsx6nEdeVYAF4C6hmNC6zVJ6GkgCBNB","name":"CryptoParadiseRewards","balance":650},{"index":247,"address":"TX2F3yZYWxY4njpG4ggG3mrfxK6fQdDRzS","name":"CryptoParadiseRewards","balance":630},{"index":248,"address":"TBdUJ6HLRSYC49mposEsNyjzFJBwDf7Wd1","name":"CryptoParadiseRewards","balance":620},{"index":249,"address":"TDFgQrNLkW46Uzb8SGC4zib6oryrvDBJ1k","name":"CryptoParadiseRewards","balance":610},{"index":250,"address":"TNb7z1QasNgRejNvPgdjJ6deJ9iFgpc8aw","name":"CryptoParadiseRewards","balance":610},{"index":251,"address":"TMARpT2fbY5MDzapKFbbG2xwLBHAMyBZd2","name":"CryptoParadiseRewards","balance":590},{"index":252,"address":"TUAiHADyvQbVNwNj64aeVYqbv5AExtF4rn","name":"CryptoParadiseRewards","balance":570},{"index":253,"address":"TW9eEdjCXd1g3qbhH4JYREwrN6XqgR3Cmh","name":"CryptoParadiseRewards","balance":547},{"index":254,"address":"TSZDgwwHi8BGeeZSKbomSBuppTgZnGyyzF","name":"CryptoParadiseRewards","balance":510},{"index":255,"address":"TYANzsApHsXY5EPJHpBMZhs3cteJ8Db5Vh","name":"CryptoParadiseRewards","balance":500},{"index":256,"address":"TKSrdmxw7Km6hrR7UEvJxSSGXfvFYbJWND","name":"CryptoParadiseRewards","balance":500},{"index":257,"address":"THMy2CFswcFHyW4KGvJmcrsLCoYY4w55w8","name":"CryptoParadiseRewards","balance":500},{"index":258,"address":"TLYJ5AqgusRmeVvEYtiPHrVPeMYFm8xNi5","name":"CryptoParadiseRewards","balance":500},{"index":259,"address":"TU9PW5Pf6zfU3tEWuTvPeq2cTfYoMac5uw","name":"CryptoParadiseRewards","balance":500},{"index":260,"address":"TSfXzHJEQZhxeiKjNTUcA8Ywz4CbTQf1hd","name":"CryptoParadiseRewards","balance":440},{"index":261,"address":"TCKzE6rbtqKqfjc793YuV4B7wkTxvDx4Wg","name":"CryptoParadiseRewards","balance":430},{"index":262,"address":"TGEibaRF81cqiApqSAJ3hG4gGUwRJrRi7j","name":"CryptoParadiseRewards","balance":400},{"index":263,"address":"THcGzmwHHorgGoDj2Ug6agi2ksPvuMcnbd","name":"CryptoParadiseRewards","balance":400},{"index":264,"address":"TUGQjEkieGeZWSYaxDPy8Sig3r9Geh3fpX","name":"CryptoParadiseRewards","balance":400},{"index":265,"address":"TPi9kqNA8xDypz6ycuqpn4E8desR7aujAH","name":"CryptoParadiseRewards","balance":390},{"index":266,"address":"TA5mtzAoqeHXcvSxhn8JurGVYy7RKFC1fR","name":"CryptoParadiseRewards","balance":390},{"index":267,"address":"TVkAjkSR9Kj18REwgB7WFkiPnNXQNH4PpC","name":"CryptoParadiseRewards","balance":330},{"index":268,"address":"TXcAqNgTNKy9mPFUsJrckeT3QMH2pVZntm","name":"CryptoParadiseRewards","balance":330},{"index":269,"address":"TLnMYYHhhbtddKVCFAeyryspFEDeMVEzKM","name":"CryptoParadiseRewards","balance":320},{"index":270,"address":"TXcunFjXgtnR3C23PgJugpP982wmxQLnEZ","name":"CryptoParadiseRewards","balance":320},{"index":271,"address":"TUusvg4J4VFEUpsMyw8AftPmJwLJNGu1z6","name":"CryptoParadiseRewards","balance":300},{"index":272,"address":"TAHgx5smLZnLU3CGRE1AJnDXXCCXKoW9fe","name":"CryptoParadiseRewards","balance":270},{"index":273,"address":"TYDSqpV7ttR82Zzy9ff1hyLwy3c2Mpazr6","name":"CryptoParadiseRewards","balance":260},{"index":274,"address":"TBjZyf5QMgENqZtbe8bo1CfiwGNPFuGYxX","name":"CryptoParadiseRewards","balance":250},{"index":275,"address":"TPVkcFYTEi9Dia45AveiTcaYoaU9ux7xC7","name":"CryptoParadiseRewards","balance":250},{"index":276,"address":"TNzoQWnCegdWPxMZi3BYPEuFZJR3q7BV53","name":"CryptoParadiseRewards","balance":230},{"index":277,"address":"TDGBAZbWRvCJpj6NF7Wa4X2N3FPBRZNZQT","name":"CryptoParadiseRewards","balance":220},{"index":278,"address":"TDwLWJH8DEzEM5azSxLW8qWsjbxgNyndbt","name":"CryptoParadiseRewards","balance":200},{"index":279,"address":"TVdKr9ZAPg9E9QPcLzFAUwrPki4iMQmwiG","name":"CryptoParadiseRewards","balance":200},{"index":280,"address":"TDjwUfZ9DPRe9L8Z3RUZK2h6441u42RaR6","name":"CryptoParadiseRewards","balance":180},{"index":281,"address":"TLWwoyq8Sh4Yxjra3952NkDh3b7BJcnLpw","name":"CryptoParadiseRewards","balance":160},{"index":282,"address":"TDSxMixzZTctBf2cr5FxTWdBhj13uvBLXw","name":"CryptoParadiseRewards","balance":150},{"index":283,"address":"TWyL4CxV9Bdf9L2jtGM6rPAN5pX9CZRFpv","name":"CryptoParadiseRewards","balance":150},{"index":284,"address":"TVAnVz46cHHuGot8aqaP1ZCyDmE8pCvp3w","name":"CryptoParadiseRewards","balance":140},{"index":285,"address":"TRT84dAN7K71owriSVNGe8v5wEcdNFw1ym","name":"CryptoParadiseRewards","balance":140},{"index":286,"address":"TKiYZQi48QzdJALs6E6iUngJTUeUBetbxT","name":"CryptoParadiseRewards","balance":120},{"index":287,"address":"TRBMMy5qd1zBY6d35xyiezpx24YT7ACCfv","name":"CryptoParadiseRewards","balance":120},{"index":288,"address":"TSYkJMqipKUZbXQARSzyUCDK3WyWs4QjZv","name":"CryptoParadiseRewards","balance":120},{"index":289,"address":"TLu26RiM3ThZjE6WPAgoF878TptZJQiPTf","name":"CryptoParadiseRewards","balance":120},{"index":290,"address":"TNNCeA3Xzc53LmMGGo3oagH12gXvT7jVo8","name":"CryptoParadiseRewards","balance":120},{"index":291,"address":"TCdhkUZU15EZyhoVLGCtE8RaZvWrxQwWMq","name":"CryptoParadiseRewards","balance":110},{"index":292,"address":"TV4i9TVijtbsj4po2kg2c1U4eCHpyzK6R2","name":"CryptoParadiseRewards","balance":110},{"index":293,"address":"TPqGSdWEteze6puwLy1VyrvBUzsuLV8aCd","name":"CryptoParadiseRewards","balance":100},{"index":294,"address":"TSsefkzqeSqWvpv7Jrht9mwuAx3ifapJDE","name":"CryptoParadiseRewards","balance":100},{"index":295,"address":"TTZwDGe16bEqCzMr8d8ndSzCgT74RQs2uj","name":"CryptoParadiseRewards","balance":100},{"index":296,"address":"TQxcWpCU3YzT76oQ3LKZkaA5QEtQhAZBvw","name":"CryptoParadiseRewards","balance":100},{"index":297,"address":"TRJLoBTxEKpFQRxowJ3sSKJwnkcXiMcPAr","name":"CryptoParadiseRewards","balance":100},{"index":298,"address":"TN2ivaiGcVXXTvZxGTWxAqcU1sNMneYFjj","name":"CryptoParadiseRewards","balance":100},{"index":299,"address":"TBQ1WU6fRD8tfVyU7ZE3edQTC8eeNKqYUT","name":"CryptoParadiseRewards","balance":100},{"index":300,"address":"TDgN3g8tSQ4jV8HPJ1Ba7qxLnyqn2UogH9","name":"CryptoParadiseRewards","balance":90},{"index":301,"address":"TRYNzqmeyLJ8kERu6ABh5cAof8RHHe8LCU","name":"CryptoParadiseRewards","balance":90},{"index":302,"address":"TSjASVy5zY4KKGnPPu551cttztfN4sLJLx","name":"CryptoParadiseRewards","balance":90},{"index":303,"address":"TXhj66y1WKM3zEysXdEUavtT8VhYjhfJou","name":"CryptoParadiseRewards","balance":90},{"index":304,"address":"TAQpUgMTkirdsf3t9FYP6cJDKd7oS7Ja3x","name":"CryptoParadiseRewards","balance":90},{"index":305,"address":"TQiLrW2w5e31CLAKXdNw3mjijAvftSCeYF","name":"CryptoParadiseRewards","balance":90},{"index":306,"address":"TUqaX8rVzJTZndm45V9Ch14kdLawhRfzN5","name":"CryptoParadiseRewards","balance":90},{"index":307,"address":"TQsWRDgBbbkt7XitZmo6PSBXq9SJcknhkS","name":"CryptoParadiseRewards","balance":90},{"index":308,"address":"TGekTNnLMUfoQYPmYVrHWddUVj8wRm8WbJ","name":"CryptoParadiseRewards","balance":90},{"index":309,"address":"TVyeseAVtxGBvz2w9cnFy1ydqWZtf1w5a4","name":"CryptoParadiseRewards","balance":90},{"index":310,"address":"T9yRW96wXsMD52sy5qDBAjiUtY32oAybU2","name":"CryptoParadiseRewards","balance":80},{"index":311,"address":"TUFGnYnEjWM9kWgVybiA7gyvzWPeQLi7i3","name":"CryptoParadiseRewards","balance":80},{"index":312,"address":"TGda7VqjNwbJ6dsB8CZWnXeT8n6dZ6hWRh","name":"CryptoParadiseRewards","balance":80},{"index":313,"address":"TDmsn5QFR1MTvtwCESv8GX4iF5D7goz2K1","name":"CryptoParadiseRewards","balance":80},{"index":314,"address":"TR6nvB2nyJiEQF8vknrLEubNwATjgLkpxU","name":"CryptoParadiseRewards","balance":80},{"index":315,"address":"TKY7EaKGXHEh5e8uL3yeq4F1genSPN9sWa","name":"CryptoParadiseRewards","balance":80},{"index":316,"address":"TVmH3HguNa1vs1jDBpfujUPsnWxzggqjDm","name":"CryptoParadiseRewards","balance":80},{"index":317,"address":"TRJnLVRHfGWXd38afgKJdQQ5fVMM7XvCLB","name":"CryptoParadiseRewards","balance":80},{"index":318,"address":"TVK5x5Zo9FV4jwogKoj2MRTZcemS2cDbAs","name":"CryptoParadiseRewards","balance":80},{"index":319,"address":"TMeLo4GMhuMBR2K4rLSTc1ipTH9k1Y1kNn","name":"CryptoParadiseRewards","balance":70},{"index":320,"address":"TMckjsiFsH3c4Y7c3SHxzQobeJtqvLx1Pt","name":"CryptoParadiseRewards","balance":70},{"index":321,"address":"TYqKfJsnRUZdMGQghvC5zMcMbd7UikA6tr","name":"CryptoParadiseRewards","balance":70},{"index":322,"address":"TMF8uVM6bLpABUqpQ1o9yv83q6GqkVh9dM","name":"CryptoParadiseRewards","balance":70},{"index":323,"address":"THKd2pkRch9wQX986kAuNjeA6rUTy2wBhv","name":"CryptoParadiseRewards","balance":70},{"index":324,"address":"TUVNQ8KUiGQ1VXZB1Jpavg587emFqbAa8z","name":"CryptoParadiseRewards","balance":70},{"index":325,"address":"TFUUeNtT1wKGVDyo2HwPjU4ScNenKxBaW5","name":"CryptoParadiseRewards","balance":60},{"index":326,"address":"TALYbvrutFG5G5EsXXRBbAHX82NGSU75Gw","name":"CryptoParadiseRewards","balance":60},{"index":327,"address":"TW8PK6FBCCAnEojX9h7EMDSLJNs5ctwVnS","name":"CryptoParadiseRewards","balance":60},{"index":328,"address":"TYuDnyzazDjQB42qwkEoyKbAhUJYjUGpYn","name":"CryptoParadiseRewards","balance":60},{"index":329,"address":"TBb67DawBQDVgbm6XyhVhmYbHy9xqQGJXF","name":"CryptoParadiseRewards","balance":60},{"index":330,"address":"TQmg1LyPCTnU2JmmkphVEYhQ9i8YZAtdyg","name":"CryptoParadiseRewards","balance":60},{"index":331,"address":"TGnH97QvnugbtfjzFQdod7Y343HKeFahLK","name":"CryptoParadiseRewards","balance":60},{"index":332,"address":"TJpwbYbwkFxWCminxUQ2kwFsj6Dgv78B9L","name":"CryptoParadiseRewards","balance":60},{"index":333,"address":"TZ5yMQ2dndz7ZvdYnxv4qVedEoobroHKc8","name":"CryptoParadiseRewards","balance":60},{"index":334,"address":"TGFJFB418Maw6dmiCF2vq9qGvynfU7YxEF","name":"CryptoParadiseRewards","balance":50},{"index":335,"address":"TL2tWgoGky5JqLurADdGe4DC1Cjpe1uT27","name":"CryptoParadiseRewards","balance":50},{"index":336,"address":"TSyn5ANHvVwbAQebC751i4T81nPHWZTp5D","name":"CryptoParadiseRewards","balance":50},{"index":337,"address":"TH4u8Z1VmAaVEr4S3D1hSoAhJZHSJXXLcf","name":"CryptoParadiseRewards","balance":50},{"index":338,"address":"TSC2bppoGTbxqvpEg9mMZhMQcec8vD9JSS","name":"CryptoParadiseRewards","balance":50},{"index":339,"address":"TUHzmsbmypynmG8SagQ5bQ7V4baAxLiHg8","name":"CryptoParadiseRewards","balance":50},{"index":340,"address":"TWN3oeQXFYnTRFWoz4CWVft9RNgwButDBq","name":"CryptoParadiseRewards","balance":50},{"index":341,"address":"TY5MynkqZKRVNmhq5gtfbhV3acsaz3rK6A","name":"CryptoParadiseRewards","balance":50},{"index":342,"address":"TLUNn7DYcPXDei7xDHZax1qXPGqEySLLym","name":"CryptoParadiseRewards","balance":50},{"index":343,"address":"TUnQLmokAPQFq91LT9PoNiprtiJ4kurqkp","name":"CryptoParadiseRewards","balance":50},{"index":344,"address":"TFxYjGZDTD8mgKUnZTox7DKMpFScrLNQsG","name":"CryptoParadiseRewards","balance":50},{"index":345,"address":"TSMHQ83WebMm1mLzr45gm2AUMaTeLeDTqi","name":"CryptoParadiseRewards","balance":50},{"index":346,"address":"TFDbEYWVpnb6cWNSsZeCv3ZUb14T4YbmDd","name":"CryptoParadiseRewards","balance":50},{"index":347,"address":"TDHoDQzVtEoaNVinaREtvd1WSFwdbsDH9g","name":"CryptoParadiseRewards","balance":50},{"index":348,"address":"TUk2rNvR1xmBy5bV86PxGMzn2LAkusnbUk","name":"CryptoParadiseRewards","balance":50},{"index":349,"address":"TAzKP2XXDNKEXNbZb96ZqpcLNXQvsv4KkW","name":"CryptoParadiseRewards","balance":50},{"index":350,"address":"TFgbhrhgLaiMRbT1wabcFV6YMiAfNmNZvV","name":"CryptoParadiseRewards","balance":50},{"index":351,"address":"TStd9sLazwfaCCPhPcMPaptVTcwbhZaHnQ","name":"CryptoParadiseRewards","balance":50},{"index":352,"address":"TEooapzJbfN1oLHUyrK88TuzuM3uoxXSoU","name":"CryptoParadiseRewards","balance":50},{"index":353,"address":"TGd4fP9Lhw1vwZFJYvDopxuatEciuTWzTF","name":"CryptoParadiseRewards","balance":50},{"index":354,"address":"TUMmHQxx879r3Q5WbHNWnudNgWQa6HXeby","name":"CryptoParadiseRewards","balance":50},{"index":355,"address":"TUojkNfWZm2jW5NcwrjuVzimFg6MYprkvE","name":"CryptoParadiseRewards","balance":50},{"index":356,"address":"TKkTQA1He98eWWzvVn5Z89kGQWeJgXbfLF","name":"CryptoParadiseRewards","balance":50},{"index":357,"address":"TKMK1ByVUDtoLyXmv4CK41dZNcgQZyygP2","name":"CryptoParadiseRewards","balance":50},{"index":358,"address":"TTWtbVM9kLZvrQhExVVzEqfFbGKMA7z4wN","name":"CryptoParadiseRewards","balance":50},{"index":359,"address":"THrDdrEgyMpGWYjSVYA2DVrY2hnWfn6FDY","name":"CryptoParadiseRewards","balance":50},{"index":360,"address":"TEKVDTHkNfaq5nSG5N9rv1X1nLZSYibTUq","name":"CryptoParadiseRewards","balance":50},{"index":361,"address":"TCMmTHDcSS3yCZX6um4LW785Xk5RNvP4jW","name":"CryptoParadiseRewards","balance":50},{"index":362,"address":"TXRQzTqhrQjrJo46UEL9APYW3G291nZmeJ","name":"CryptoParadiseRewards","balance":50},{"index":363,"address":"TKSxjhJAsvNyrWPV38ckTNGAX6mKJJMbee","name":"CryptoParadiseRewards","balance":50},{"index":364,"address":"TTWtbVM9kLZvrQhExVVzEqfFbGKMA7z4wN","name":"CryptoParadiseRewards","balance":50},{"index":365,"address":"THrDdrEgyMpGWYjSVYA2DVrY2hnWfn6FDY","name":"CryptoParadiseRewards","balance":50},{"index":366,"address":"TRv2dNvfvKB4UFWoQyCcKAKCq5EDn4K8fU","name":"CryptoParadiseRewards","balance":50},{"index":367,"address":"TLWCeeCjv2cyjA9j9UqjBwxMhu8uu9cjNs","name":"CryptoParadiseRewards","balance":50},{"index":368,"address":"TLCQFbreYvy9ePHwSLMcE8SEM2xqKUuzVz","name":"CryptoParadiseRewards","balance":40},{"index":369,"address":"TMyEjqNpR5bixyTiEbgozoN3Aa8ffzchBa","name":"CryptoParadiseRewards","balance":40},{"index":370,"address":"TARVHeZYbUSczxEauEEkM19RVXrJPCBBaa","name":"CryptoParadiseRewards","balance":40},{"index":371,"address":"TTJCriHPcpEBHxYhwcSSsy2AqhbKpQPBhf","name":"CryptoParadiseRewards","balance":40},{"index":372,"address":"TGRg8vQAjRgtrpHQBxJjdEDMDJTKHYKZJt","name":"CryptoParadiseRewards","balance":40},{"index":373,"address":"TL7vzBx5khTgBaMxivBHLkrpUPJGkWZsVq","name":"CryptoParadiseRewards","balance":40},{"index":374,"address":"TVqAus6kvK3N3M2Z3XHMuXsUQtUPAxDSrR","name":"CryptoParadiseRewards","balance":40},{"index":375,"address":"TFdbQA1SqQxxCXEXDW8Q4UQf16Wrf3qxM1","name":"CryptoParadiseRewards","balance":40},{"index":376,"address":"TFfbrR5k5zrApwys4HQpsMo91U1iTzun2R","name":"CryptoParadiseRewards","balance":40},{"index":377,"address":"TRQnwTMWVPZaczFb7X4BjqdWeAvFTo2c6L","name":"CryptoParadiseRewards","balance":40},{"index":378,"address":"TGXNju14n6srDT5PGUTBvYQ3L4A7xPXqeZ","name":"CryptoParadiseRewards","balance":40},{"index":379,"address":"TQCBnVAm5onJQPmtUKGTaVextoVFcuear6","name":"CryptoParadiseRewards","balance":40},{"index":380,"address":"TVVoXWTJrcyekBfdcdy2WgaZYeuypdyWtA","name":"CryptoParadiseRewards","balance":40},{"index":381,"address":"TJxmL2R5ahVvqxjjfLBimUU8d7rQ9dbWYq","name":"CryptoParadiseRewards","balance":40},{"index":382,"address":"TUm5W7okbMQkdakDUwU9yhGQbAbWUcXw8z","name":"CryptoParadiseRewards","balance":40},{"index":383,"address":"TJP3PCog75Z68SQyP15SMezCweQhgTFbr4","name":"CryptoParadiseRewards","balance":40},{"index":384,"address":"TUJ8WVp9LC3NUeoLaWdi5KtqAEsTeZTAgF","name":"CryptoParadiseRewards","balance":40},{"index":385,"address":"TKAGa9VMviip5KU74cFL1QerCfu9nLoLHq","name":"CryptoParadiseRewards","balance":40},{"index":386,"address":"TB5bibRgHWp2XmQPCkWszeufVQyC8NxZ4M","name":"CryptoParadiseRewards","balance":40},{"index":387,"address":"TQCBnVAm5onJQPmtUKGTaVextoVFcuear6","name":"CryptoParadiseRewards","balance":40},{"index":388,"address":"THJZoctwrXojpsknWi6W6Hh4ZoYdEiFvrU","name":"CryptoParadiseRewards","balance":40},{"index":389,"address":"TVVoXWTJrcyekBfdcdy2WgaZYeuypdyWtA","name":"CryptoParadiseRewards","balance":40},{"index":390,"address":"TGewgocjKWT1ihbsTPQvVJdAEcXEsYXBJ2","name":"CryptoParadiseRewards","balance":40},{"index":391,"address":"TRAsXpcWCz7M5cMTDX7oguDPSD6VSX8B9g","name":"CryptoParadiseRewards","balance":40},{"index":392,"address":"TKGaA8PGJ3sHDsXcZVAsNUkpGP2fVdpD1z","name":"CryptoParadiseRewards","balance":40},{"index":393,"address":"TXvecsTK5APEBRMyp5X1e5YtY8RDFDaxHs","name":"CryptoParadiseRewards","balance":40},{"index":394,"address":"TVA83gpkAPC9wKdgLzzqXbJLRBLwNBZshN","name":"CryptoParadiseRewards","balance":40},{"index":395,"address":"TXYkHf3nKN8gv4ncYXfMEvcrsM2nUFHuKv","name":"CryptoParadiseRewards","balance":40},{"index":396,"address":"TMhJzLXwGMuULHPe2ZPZu9SQ8xTGYLXsRA","name":"CryptoParadiseRewards","balance":40},{"index":397,"address":"TYp4H8ZXNmfFw8qruE1JZDHFikGFcnqSRp","name":"CryptoParadiseRewards","balance":40},{"index":398,"address":"TH5fcpATeW9ijnhNHxDWus4sT9zoBUfTsj","name":"CryptoParadiseRewards","balance":40},{"index":399,"address":"TV6bchLnL2MZwFmV5RX9iMQfCofzxicdeM","name":"CryptoParadiseRewards","balance":40},{"index":400,"address":"TVKhZ2BowSeVjc5A8NPTH7Y2RKbzZxT2Cp","name":"CryptoParadiseRewards","balance":40},{"index":401,"address":"TAaC4wku8emx5ooXvpsoZc4sYz64pSqaNC","name":"CryptoParadiseRewards","balance":30},{"index":402,"address":"TQga9eUv3dT6u4t9PvAa3YYbCSESMggdrG","name":"CryptoParadiseRewards","balance":30},{"index":403,"address":"TKACi6JyyqcVJsRoKBvTMGnzp5jCnpth5G","name":"CryptoParadiseRewards","balance":30},{"index":404,"address":"TXNxMZcSc4pHd6MsZZNx64mL9yu5rp1wGC","name":"CryptoParadiseRewards","balance":30},{"index":405,"address":"TYvkzjSX7cEPjy1SyL7XvTMjrupKcwk3EF","name":"CryptoParadiseRewards","balance":30},{"index":406,"address":"TEi6XycwLqHBeskV1beCBLJ8N3mTgmVWNa","name":"CryptoParadiseRewards","balance":30},{"index":407,"address":"TPRqQgHqur5YrytWvkGRa4SwYTH3N2wy2e","name":"CryptoParadiseRewards","balance":30},{"index":408,"address":"TKhEELBZe75FAV6jDcL3zH6MZwVmdx9PPp","name":"CryptoParadiseRewards","balance":30},{"index":409,"address":"TCS5MMGZRuQb6bftpBPBwd3E6ET99nEhGh","name":"CryptoParadiseRewards","balance":30},{"index":410,"address":"TMjykzZ8CBJpZMPCiEB38zTGAwuPqJqhry","name":"CryptoParadiseRewards","balance":30},{"index":411,"address":"TP9bNwACK7VE5FeAfvN2tRNMRcAyRzkzrV","name":"CryptoParadiseRewards","balance":30},{"index":412,"address":"TKHuJjvpLbCARbjxpiCZ7hBmq9nYJFeah3","name":"CryptoParadiseRewards","balance":30},{"index":413,"address":"TFCSy2kqd9eAUjF4eYeoDtGhrdS19UxeRL","name":"CryptoParadiseRewards","balance":30},{"index":414,"address":"TM7Qn2kwnvh2M4W6dWWJg7drCjRh1k1SpN","name":"CryptoParadiseRewards","balance":30},{"index":415,"address":"TGo116XgfQKugcZ8ggQhiZK5pRiUJiWMuy","name":"CryptoParadiseRewards","balance":30},{"index":416,"address":"THrGtQem9RweSA6qeHL9sM1hDWT5PbfzDv","name":"CryptoParadiseRewards","balance":30},{"index":417,"address":"TKkqbRaQUvhwWvzyxfrXy1WMCCSRx1e44T","name":"CryptoParadiseRewards","balance":30},{"index":418,"address":"TFuvBHETWS21XjMyT7U75AakrDQKBMj8Gi","name":"CryptoParadiseRewards","balance":30},{"index":419,"address":"TUiWJ2s9vAzC6d4iQfJw6edfKaZTgmKv7M","name":"CryptoParadiseRewards","balance":30},{"index":420,"address":"TQgAL4HVRntiMZ9imxNAYJqCskQ9URMbuR","name":"CryptoParadiseRewards","balance":30},{"index":421,"address":"TF8hjmW5fG1Mad57aQhG8rQkrtatektyJK","name":"CryptoParadiseRewards","balance":30},{"index":422,"address":"TPKuGb5ZeG3xdBfyrrWsqPbrBujvP51Afx","name":"CryptoParadiseRewards","balance":30},{"index":423,"address":"TAhcnHTk18aXbHzddF16vQRnC2D3wr8h3V","name":"CryptoParadiseRewards","balance":30},{"index":424,"address":"TWbZ8CoC5RkhWcYCwj6cjiK8oG2cMUZNg5","name":"CryptoParadiseRewards","balance":30},{"index":425,"address":"TXRV3D9TkwWyQSknrQVDeqbWvo7nvZFZ7E","name":"CryptoParadiseRewards","balance":30},{"index":426,"address":"TJFaQY9Y5UPBdhJLbVLSA9LffKuF4kaY3Y","name":"CryptoParadiseRewards","balance":20},{"index":427,"address":"TSb1mQt9ZGMqPCACw8YV9xminXTbb54gqs","name":"CryptoParadiseRewards","balance":20},{"index":428,"address":"TSJkNbnKsgJj9aufWr9Kz5d8Wq7Wd7aaBN","name":"CryptoParadiseRewards","balance":20},{"index":429,"address":"THxXnWx8eXK4wYfmdAxTt79wVZoBiE4T3R","name":"CryptoParadiseRewards","balance":20},{"index":430,"address":"TEGCNLwCRG3zLJqb5PQKS7Yeq4v3A4TepR","name":"CryptoParadiseRewards","balance":20},{"index":431,"address":"TB2Kza7Yf8fAWra9rGFRe45KUWWRCjxzbf","name":"CryptoParadiseRewards","balance":20},{"index":432,"address":"TRGeNbMCutAo343PyhKDCfxt3xpbZpPWwM","name":"CryptoParadiseRewards","balance":20},{"index":433,"address":"TSA4mXjkYnJyGnPxvakYqpJkEqSvBLaRXK","name":"CryptoParadiseRewards","balance":20},{"index":434,"address":"TZ718at9XE9MgpZGGJ77LFwRuBQqaSMdLL","name":"CryptoParadiseRewards","balance":20},{"index":435,"address":"TEt25JxGmpgZzcLGofeNgzYexzVyvp9hR9","name":"CryptoParadiseRewards","balance":20},{"index":436,"address":"TWqCT26rtfBPNr17HB73HJQKKi2QegbsVT","name":"CryptoParadiseRewards","balance":20},{"index":437,"address":"TPNCjN5fXDQrendcBwoQYRqAy4fioQokqZ","name":"CryptoParadiseRewards","balance":20},{"index":438,"address":"TAUHUfhZ3JX3rAUbEqHCaJzt4QjC8RUJHh","name":"CryptoParadiseRewards","balance":20},{"index":439,"address":"TRLSkyTuYDKSB4MNZJCJ2KenmxpdNhb6Cw","name":"CryptoParadiseRewards","balance":20},{"index":440,"address":"TJBB5hAHS76m99E7ecSXbw7RaJUe3ry7nz","name":"CryptoParadiseRewards","balance":20},{"index":441,"address":"TELL7DerztvyUKBe2CvirgyNBpYXya2rrT","name":"CryptoParadiseRewards","balance":20},{"index":442,"address":"TA8sj1iJxK3is1Q2TNZP5vWoQCzroRqtLL","name":"CryptoParadiseRewards","balance":20},{"index":443,"address":"TLAU9dj4qDdNZGMPuBksXWpKu4MDAk4hMB","name":"CryptoParadiseRewards","balance":20},{"index":444,"address":"TN2G3LwP77xHaXhZFh3JwdsKmU5QBQQdbt","name":"CryptoParadiseRewards","balance":20},{"index":445,"address":"TJ8E92F73naHpsSD7z3tx9sXnbJdy9gvku","name":"CryptoParadiseRewards","balance":20},{"index":446,"address":"TN93jMFqzZYNVQjHbMLnjR6oyCw35hxUDX","name":"CryptoParadiseRewards","balance":20},{"index":447,"address":"TPvEuVSciJZ9PZq6Wb78nNZxeueXFftmQT","name":"CryptoParadiseRewards","balance":20},{"index":448,"address":"TPv1wPYc8r7xN4fHSqDFmsFkeigXUG1Zim","name":"CryptoParadiseRewards","balance":20},{"index":449,"address":"TAHqjgZ1Vjn93RMDhfM31diMns5m1tXNaB","name":"CryptoParadiseRewards","balance":20},{"index":450,"address":"TY3PXQZ2gQqtxhXeo7EYmwUHDy4uTXZuZH","name":"CryptoParadiseRewards","balance":20},{"index":451,"address":"TWupGYW7kZ5goMzxNkBMkwuwhCTLJNqEur","name":"CryptoParadiseRewards","balance":20},{"index":452,"address":"TJMLSBXpxtrdgyhckKchZe5VRWRtfajjPc","name":"CryptoParadiseRewards","balance":20},{"index":453,"address":"TRtGh2SK568aBFqkkBXnLejUZAGctx1axL","name":"CryptoParadiseRewards","balance":20},{"index":454,"address":"TWFLogGcPMYBA7CsmWruZxnRsRp2eRm93n","name":"CryptoParadiseRewards","balance":20},{"index":455,"address":"TTm7n5hoEfHc3wanUChYMf6L9Eki5GxY19","name":"CryptoParadiseRewards","balance":20},{"index":456,"address":"TVjN6jCKTjj2dcqvSDeacF3sD9sHpjvsNP","name":"CryptoParadiseRewards","balance":20},{"index":457,"address":"TCr2c85YaB29J3sF6E226ZBCNZPADK14ar","name":"CryptoParadiseRewards","balance":20},{"index":458,"address":"TJmnBvL6GfZtjbw25nvxQxnjViQ2hhcsQE","name":"CryptoParadiseRewards","balance":10},{"index":459,"address":"TKTYyFKbUpKr1zhkjwwpfjJxvFcc6CmVP4","name":"CryptoParadiseRewards","balance":10},{"index":460,"address":"TTWF6rnYsK6hNrYrzAVd87zQ3hcqPRE28d","name":"CryptoParadiseRewards","balance":10},{"index":461,"address":"TGV979YAK4CwwaWwVCHLdBm1iwLu4377wp","name":"CryptoParadiseRewards","balance":10},{"index":462,"address":"TVTCiQ27hUjCSCtDMYRZBLz69dftNtpBxZ","name":"CryptoParadiseRewards","balance":10},{"index":463,"address":"THj3GwDDCnvT6yzJDZRXYaekNhAXqXYRjs","name":"CryptoParadiseRewards","balance":10},{"index":464,"address":"TW9oNE4v7ZcFghN3EJxoQCMd43Bm2n7jjM","name":"CryptoParadiseRewards","balance":10},{"index":465,"address":"TQAfrukSBvtAmPhoUqLuEgG2ZXi5gKhcdu","name":"CryptoParadiseRewards","balance":10},{"index":466,"address":"TWWPXhFbMnRzrYKV17zjvXfgSqJQHumx5W","name":"CryptoParadiseRewards","balance":10},{"index":467,"address":"TVELqrrvfz7FyxWqfJjy7H2mhzCDCqnWjU","name":"CryptoParadiseRewards","balance":10},{"index":468,"address":"TVRBkLQx9D7oPoZKW1VqyQJJChJUQs92jk","name":"CryptoParadiseRewards","balance":10},{"index":469,"address":"TYneNk9QBmXzhLWwBywrP6Qv38EwYEDLAe","name":"CryptoParadiseRewards","balance":10},{"index":470,"address":"TBqSz2QCaTPnLsqz7aPAwF6Bkv4QcKGYWp","name":"CryptoParadiseRewards","balance":10},{"index":471,"address":"TTQCbfYyZLt9XTxtoJKti42qpxeLZL5j8B","name":"CryptoParadiseRewards","balance":10},{"index":472,"address":"TBxKXXMR1ix9wkveR6zjGKrU9RQ4wTfcV8","name":"CryptoParadiseRewards","balance":10},{"index":473,"address":"TLaRTsa3g7Suf9NCDACEztJTLCoN1KRfqv","name":"CryptoParadiseRewards","balance":10},{"index":474,"address":"TJCFgZvcwGXDiGe47HzvKDRkFTUMqSDfD6","name":"CryptoParadiseRewards","balance":10},{"index":475,"address":"TGtG9cgAK6PTLDQP48NurePgXQgYmhk9vd","name":"CryptoParadiseRewards","balance":10},{"index":476,"address":"TRiB53zUiJkcUviwmpz5HNidjhWgZceMVp","name":"CryptoParadiseRewards","balance":10},{"index":477,"address":"TLcakHHjSDayvNmhxoEmLHw4dKxNQdwXng","name":"CryptoParadiseRewards","balance":10},{"index":478,"address":"TPcv9uKq4WexHaYwk7P78XFJWpn9QcoQUR","name":"CryptoParadiseRewards","balance":10},{"index":479,"address":"THZVgoEZrt7sAyckoL2nnUDu6VDGj83wZ6","name":"CryptoParadiseRewards","balance":10},{"index":480,"address":"TBQ23R856mW8X67ojRGWWLSupKQZ2HkBWT","name":"CryptoParadiseRewards","balance":10},{"index":481,"address":"TWRPeP26k6dGqDdck2ejye9d3dANjNkxKE","name":"CryptoParadiseRewards","balance":10},{"index":482,"address":"TAsQY6EBMz7rVURtpzWECx2CChToBTnFkQ","name":"CryptoParadiseRewards","balance":10},{"index":483,"address":"TWw2Yp4Xzis4Wg4sR67VPyELNNh1JrN7YH","name":"CryptoParadiseRewards","balance":10},{"index":484,"address":"TXDQM8YACcEt4c225NmsS3dBvmAcha8CvE","name":"CryptoParadiseRewards","balance":10},{"index":485,"address":"TLeCtdzPrCEZ892Dwape65nJgxS85LDg5N","name":"CryptoParadiseRewards","balance":10},{"index":486,"address":"TRpFSr5x9zg4ket68PxnJdUQLfPX2T8qFy","name":"CryptoParadiseRewards","balance":10},{"index":487,"address":"TVkNXmQnhqkNja4BfSPaykbVNgySno21hY","name":"CryptoParadiseRewards","balance":10},{"index":488,"address":"TRVVDT8S9ZbGMEAMQaCjjwitedLVaXJauL","name":"CryptoParadiseRewards","balance":10},{"index":489,"address":"TWjSARmSUV6i42GZT9W27UecwmA796cFsA","name":"CryptoParadiseRewards","balance":10},{"index":490,"address":"TN69GHqUPjS71DJLMbw4MivvdZhmFH5pLF","name":"CryptoParadiseRewards","balance":10},{"index":491,"address":"TTPQZYs4RfPcEvNQVqBorBiTwXwMvbdVdN","name":"CryptoParadiseRewards","balance":10},{"index":492,"address":"TTheBeEJUJMesoryGYSVqXL1hkdfoqMjHp","name":"CryptoParadiseRewards","balance":10},{"index":493,"address":"TWarjvJL9tBq1hD7KqzXRdTb1HT3ht4cJN","name":"CryptoParadiseRewards","balance":10},{"index":494,"address":"THbyKjT5N8TFBzPoUAK6vf3HWn5ahfeSK2","name":"CryptoParadiseRewards","balance":10},{"index":495,"address":"TC4fp85gXvgvN7GipZXXXAZiEU2fcWrvxS","name":"CryptoParadiseRewards","balance":10},{"index":496,"address":"TS1bxxVAPaAcbr4N6KREFdvCBcedR8r8RP","name":"CryptoParadiseRewards","balance":10},{"index":497,"address":"TRz67x5S8D5B3KgzrWBeLQmAQzJbfFaDT1","name":"CryptoParadiseRewards","balance":10},{"index":498,"address":"TLFKWeG3tu5TQpURenbKENApcaMkzgAoUi","name":"CryptoParadiseRewards","balance":10},{"index":499,"address":"TUr4BfdNh6cSyteSqN7BbUctWSNJmLE1vt","name":"CryptoParadiseRewards","balance":10},{"index":500,"address":"TXpueiH6hzfFzpkAMXjdgHA2jFqCNFGZWK","name":"CryptoParadiseRewards","balance":10},{"index":501,"address":"TVvx3hfJxdwMLbEFLTDUe6CFCCWBpoiHH5","name":"CryptoParadiseRewards","balance":10},{"index":502,"address":"TV228KsUWaR34s7GgAtg25wCy3K3oWCifu","name":"CryptoParadiseRewards","balance":10},{"index":503,"address":"TGF3rUj8bQ5DcegrwuLDcoqdExAB7HGypq","name":"CryptoParadiseRewards","balance":10},{"index":504,"address":"TBqrw2v7wf8HD5TzoxgaUxUD3CvQNLWmbf","name":"CryptoParadiseRewards","balance":10},{"index":505,"address":"TSQiD9waN9TbUSPqMNbxFaKKbe3kY3NRpv","name":"CryptoParadiseRewards","balance":10},{"index":506,"address":"TK6RyBM1NsEHKzycJvxcZQK3EndQ6hN37t","name":"CryptoParadiseRewards","balance":10},{"index":507,"address":"TXPJiAsxeC8vBqoFY9NprWKHEjgtMK9XJy","name":"CryptoParadiseRewards","balance":10},{"index":508,"address":"TSBDbfoGsProouNU4hdG7DCZ7yhWN2LzcT","name":"CryptoParadiseRewards","balance":10},{"index":509,"address":"TCYq39WW1nDWzBzfKW8EDDg9wvyCvd3m3f","name":"CryptoParadiseRewards","balance":10},{"index":510,"address":"TCg1pyxZzEb1VDMvVxb9DGbZmBjw4XdBcj","name":"CryptoParadiseRewards","balance":10},{"index":511,"address":"TJAcVAhDftFTEHF9J6RsXed38WieVyQLyh","name":"CryptoParadiseRewards","balance":10},{"index":512,"address":"TQEJduajBgMYjnUQtfRVmCMAwPXow5Qifu","name":"CryptoParadiseRewards","balance":10},{"index":513,"address":"TEoGidULMYbhaum9BZ9ZdBhsJixZeEn7M8","name":"CryptoParadiseRewards","balance":10},{"index":514,"address":"TCQXjEAcjaRWHBXtCq8FFRe6kAEsxX5ZSS","name":"CryptoParadiseRewards","balance":10},{"index":515,"address":"TCRBq8LGSMbdnbXHGcVArDfUi9iN1GNGA7","name":"CryptoParadiseRewards","balance":10},{"index":516,"address":"TCQpbmRGLBRTigLio6LmZ1D3q5p4BwftuC","name":"CryptoParadiseRewards","balance":10},{"index":517,"address":"TDYK9CfcHDdtcN3FDzkrigs2vfrxCW2x1V","name":"CryptoParadiseRewards","balance":10},{"index":518,"address":"TYaFFfGL4yt61yUSv2PiK4WJJqkYmnYynF","name":"CryptoParadiseRewards","balance":10},{"index":519,"address":"TYV75nUGP84GGgs2RdGXmnBfgaKZ3w6Eo8","name":"CryptoParadiseRewards","balance":10},{"index":520,"address":"TTpi4YStTxgHKB15XUu9ui6GPuPuSCTUfn","name":"CryptoParadiseRewards","balance":10},{"index":521,"address":"TE7qfioZ2vymTZ2cJ9mQYC6ugXcrkFsSQa","name":"CryptoParadiseRewards","balance":10},{"index":522,"address":"TJuJwK1wRLUS9Be7Cmtzdfjz8TYLwxBqBz","name":"CryptoParadiseRewards","balance":10},{"index":523,"address":"TKb5ebxixYNSjduQFCvdr9s7nzru5G8ehN","name":"CryptoParadiseRewards","balance":10},{"index":524,"address":"TQ5cLetTQkFKLt2VjMDRrRHPa4BNaW1ySZ","name":"CryptoParadiseRewards","balance":10},{"index":525,"address":"TSTaLBHQ81Ly35jwFaPSnQr465av3sesz2","name":"CryptoParadiseRewards","balance":10},{"index":526,"address":"TPuXtZw4W9buvSM7PexzKRTHiNXKJhVYzF","name":"CryptoParadiseRewards","balance":10},{"index":527,"address":"TYaFFfGL4yt61yUSv2PiK4WJJqkYmnYynF","name":"CryptoParadiseRewards","balance":10},{"index":528,"address":"TYV75nUGP84GGgs2RdGXmnBfgaKZ3w6Eo8","name":"CryptoParadiseRewards","balance":10},{"index":529,"address":"TTpi4YStTxgHKB15XUu9ui6GPuPuSCTUfn","name":"CryptoParadiseRewards","balance":10},{"index":530,"address":"THh887xY2R3qWyNmGnb2XCLRQeKwEXawtu","name":"CryptoParadiseRewards","balance":10},{"index":531,"address":"TLx1X1bP6hCYEf2Hse1JNgLMeWkKFgqkSZ","name":"CryptoParadiseRewards","balance":10},{"index":532,"address":"TVTb9Ja5PPPXAz7GBVqQREGMNMCDgZoJB3","name":"CryptoParadiseRewards","balance":10},{"index":533,"address":"TE58jDTmdgcF1o92K22gnTsgmnphbRCbb7","name":"CryptoParadiseRewards","balance":10},{"index":534,"address":"TRp8TX6ggZQtzDTxoGikfX8sYvr9FLGEtj","name":"CryptoParadiseRewards","balance":10},{"index":535,"address":"TXkD48uVarm3xJD1RCSiCRYw2d44oYU5qn","name":"CryptoParadiseRewards","balance":10},{"index":536,"address":"TMfv43M4VkZFAevYFs7nGXJ4nNMKJ8iGvp","name":"CryptoParadiseRewards","balance":10},{"index":537,"address":"THwdGFQ7tKEL13v3vFboNQWvLUM4pz7oem","name":"CryptoParadiseRewards","balance":10},{"index":538,"address":"TFsMo3FuXznjQRFv1Jmq4QJuvt3kesirso","name":"CryptoParadiseRewards","balance":10},{"index":539,"address":"THdwzGPcBxoMTT3HRiiN8mQVoxovq76LT8","name":"CryptoParadiseRewards","balance":10},{"index":540,"address":"TBDEa1J6ZFAMTgeFvx3nFcscsVNVxU1swi","name":"CryptoParadiseRewards","balance":10},{"index":541,"address":"TJuZf4tYb58NhmQ3zPtJ1xrWhzg4kLw7kk","name":"CryptoParadiseRewards","balance":10},{"index":542,"address":"TV834VyNcDS4g3BKJDetaAxuSZZf2btH5U","name":"CryptoParadiseRewards","balance":10},{"index":543,"address":"TT3u3dVB1aA5RSunsrYbbEtg7QLCZezpEc","name":"CryptoParadiseRewards","balance":10},{"index":544,"address":"THdwzGPcBxoMTT3HRiiN8mQVoxovq76LT8","name":"CryptoParadiseRewards","balance":10},{"index":545,"address":"TBDEa1J6ZFAMTgeFvx3nFcscsVNVxU1swi","name":"CryptoParadiseRewards","balance":10},{"index":546,"address":"TGEr6Svd2PQzv3KRPRpkZAfnB41qjw8D89","name":"CryptoParadiseRewards","balance":10},{"index":547,"address":"TTNc5iQ1E98wCC17zLumK5jgMeTGaXtyDe","name":"CryptoParadiseRewards","balance":10},{"index":548,"address":"TEmpGb5BDFEXiaGAD2w8HZp72TWZe9zwDZ","name":"CryptoParadiseRewards","balance":10},{"index":549,"address":"TDpRtNo7HPur3FTcULtD1HTKvojNnCuT6J","name":"CryptoParadiseRewards","balance":10},{"index":550,"address":"TJYv8B9BfWitw5S5JFcY4y619ibuVfNRwd","name":"CryptoParadiseRewards","balance":10},{"index":551,"address":"TCYqdhwBCjeQUGMy4E4siPuBvWtm9mcn8o","name":"CryptoParadiseRewards","balance":10},{"index":552,"address":"TE58jDTmdgcF1o92K22gnTsgmnphbRCbb7","name":"CryptoParadiseRewards","balance":10},{"index":553,"address":"TRp8TX6ggZQtzDTxoGikfX8sYvr9FLGEtj","name":"CryptoParadiseRewards","balance":10},{"index":554,"address":"TCeJXVH7GF38jzA5pP17jVbApLQGahDw5M","name":"CryptoParadiseRewards","balance":10},{"index":555,"address":"TYwXsoY4tdiPqKAgFBG3NajKHdchfnKJ7M","name":"CryptoParadiseRewards","balance":10},{"index":556,"address":"TKr5ri4cX6Bv7ZkDAqZRTDpr2o38TfJbxB","name":"CryptoParadiseRewards","balance":10},{"index":557,"address":"TEaoEZNR1uniXZ5hdqgKC714uLUxb2p6DD","name":"CryptoParadiseRewards","balance":10},{"index":558,"address":"TD5HWVwERveyQcvpCSCsr6kA5gyNy3raTb","name":"CryptoParadiseRewards","balance":10},{"index":559,"address":"TZ8d77UfC4ATvs1da5vTr5sgPjK5rJmHsN","name":"CryptoParadiseRewards","balance":10},{"index":560,"address":"TPkdY2NddWT5KWyv8KNNeM29B3BYWGzjYv","name":"CryptoParadiseRewards","balance":10},{"index":561,"address":"TBFfng65cn8VtiShjRM1T1mVBaiXS1uERi","name":"CryptoParadiseRewards","balance":10},{"index":562,"address":"TD5HWVwERveyQcvpCSCsr6kA5gyNy3raTb","name":"CryptoParadiseRewards","balance":10},{"index":563,"address":"TEaoEZNR1uniXZ5hdqgKC714uLUxb2p6DD","name":"CryptoParadiseRewards","balance":10},{"index":564,"address":"TGqXhdaF6Fxpsc1oZ2FtCKXKf5U56Hvg6E","name":"CryptoParadiseRewards","balance":10},{"index":565,"address":"TCEYc2PnGjKwR4HKwmUmNYgdJLEFchy9vA","name":"CryptoParadiseRewards","balance":10},{"index":566,"address":"TXMi4tPdPqon8ESNnBQ43Ts3hhg6QhoiMt","name":"CryptoParadiseRewards","balance":10},{"index":567,"address":"TAe7MVcdtf9CYFBAz3QDDtymozUWKhjZAV","name":"CryptoParadiseRewards","balance":10},{"index":568,"address":"TZ8d77UfC4ATvs1da5vTr5sgPjK5rJmHsN","name":"CryptoParadiseRewards","balance":10},{"index":569,"address":"TPkdY2NddWT5KWyv8KNNeM29B3BYWGzjYv","name":"CryptoParadiseRewards","balance":10},{"index":570,"address":"THPfiPZ62b7GoGtfTZdmRwaxyZNASg98HD","name":"CryptoParadiseRewards","balance":10},{"index":571,"address":"TWxJjribWwSt2fxH6c352vNzTSk59NLE4J","name":"CryptoParadiseRewards","balance":10},{"index":572,"address":"TKKmFrjfgiaQ8MD8E7YEkn5sz3RXYLyq6u","name":"CryptoParadiseRewards","balance":10},{"index":573,"address":"TFKTfUocjxpR3JphaytSXvd9t4aLbYR996","name":"CryptoParadiseRewards","balance":10},{"index":574,"address":"TYzMwjinyMV7PVyCvnvuiSSwhE1BFstXW8","name":"CryptoParadiseRewards","balance":10},{"index":575,"address":"TBRuLBTRdykAnt3eb7tm9DYtnmBafu8Myv","name":"CryptoParadiseRewards","balance":10},{"index":576,"address":"TUXWsYvkKRcn3Q3Y6KFt4PgvDwDRUWYtBU","name":"CryptoParadiseRewards","balance":8},{"index":577,"address":"TGWWEpVWtjMso3Qx6v12gnWo2e3yAq62NV","name":"CryptoParadiseRewards","balance":1},{"index":578,"address":"TXvLDE5z2vHPuev4bvdCe52EBp67wfew9a","name":"CryptoParadiseRewards","balance":1}]